epoch,time,train/box_loss,train/cls_loss,train/dfl_loss,metrics/precision(B),metrics/recall(B),metrics/mAP50(B),metrics/mAP50-95(B),val/box_loss,val/cls_loss,val/dfl_loss,lr/pg0,lr/pg1,lr/pg2
1,3.23422,0,37.7604,0,0,0,0,0,0,30.0592,0,0.1,0,0
2,5.83236,0,27.8649,0,0,0,0,0,0,22.3552,0,0.0990098,9.802e-06,9.802e-06
3,8.37977,0,20.7435,0,0,0,0,0,0,16.682,0,0.0980192,1.9208e-05,1.9208e-05
4,10.9387,0,15.4618,0,0,0,0,0,0,12.5183,0,0.0970282,2.8218e-05,2.8218e-05
5,13.4848,0,11.5604,0,0,0,0,0,0,9.4334,0,0.0960368,3.6832e-05,3.6832e-05
6,16.2083,0,8.68884,0,0,0,0,0,0,7.14802,0,0.0950451,4.505e-05,4.505e-05
7,18.7807,0,6.56687,0,0,0,0,0,0,5.43701,0,0.0940529,5.2872e-05,5.2872e-05
8,21.2884,0,4.97534,0,0,0,0,0,0,4.1513,0,0.0930603,6.0298e-05,6.0298e-05
9,23.8152,0,3.78998,0,0,0,0,0,0,4.1513,0,0.0920673,6.7328e-05,6.7328e-05
10,26.3067,0,3.78857,0,0,0,0,0,0,3.19302,0,0.091074,7.3962e-05,7.3962e-05
11,28.7468,0,2.90414,0,0,0,0,0,0,3.19302,0,0.0900802,8.02e-05,8.02e-05
12,31.2125,0,2.90257,0,0,0,0,0,0,2.47172,0,0.089086,8.6042e-05,8.6042e-05
13,33.6972,0,2.24224,0,0,0,0,0,0,2.47172,0,0.0880915,9.1488e-05,9.1488e-05
14,36.1409,0,2.24497,0,0,0,0,0,0,1.92579,0,0.0870965,9.6538e-05,9.6538e-05
15,38.5638,0,1.74944,0,0,0,0,0,0,1.92579,0,0.0861012,0.000101192,0.000101192
16,41.0467,0,1.74122,0,0,0,0,0,0,1.51244,0,0.0851054,0.00010545,0.00010545
17,43.6096,0,1.3686,0,0,0,0,0,0,1.51244,0,0.0841093,0.000109312,0.000109312
18,46.0131,0,1.36547,0,0,0,0,0,0,1.19571,0,0.0831128,0.000112778,0.000112778
19,48.5123,0,1.07781,0,0,0,0,0,0,1.19571,0,0.0821158,0.000115848,0.000115848
20,50.9776,0,1.07359,0,0,0,0,0,0,0.95126,0,0.0811185,0.000118522,0.000118522
21,53.5738,0,0.85263,0,0,0,0,0,0,0.95126,0,0.0801208,0.0001208,0.0001208
22,56.1944,0,0.85232,0,0,0,0,0,0,0.76149,0,0.0791227,0.000122682,0.000122682
23,58.5754,0,0.68026,0,0,0,0,0,0,0.76149,0,0.0781242,0.000124168,0.000124168
24,61.0775,0,0.67981,0,0,0,0,0,0,0.76149,0,0.0771253,0.000125258,0.000125258
25,63.7131,0,0.67888,0,0,0,0,0,0,0.61694,0,0.076126,0.000125952,0.000125952
26,66.1611,0,0.54856,0,0,0,0,0,0,0.61694,0,0.0751263,0.00012625,0.00012625
27,68.6755,0,0.54985,0,0,0,0,0,0,0.61694,0,0.0741262,0.000126152,0.000126152
28,71.1707,0,0.54689,0,0,0,0,0,0,0.50354,0,0.0731257,0.000125658,0.000125658
29,73.8255,0,0.44566,0,0,0,0,0,0,0.50354,0,0.0721248,0.000124768,0.000124768
30,76.5031,0,0.44796,0,0,0,0,0,0,0.50354,0,0.0711235,0.000123482,0.000123482
31,79.0711,0,0.44422,0,0,0,0,0,0,0.41348,0,0.0701218,0.0001218,0.0001218
32,81.5027,0,0.3684,0,0,0,0,0,0,0.41348,0,0.0691197,0.000119722,0.000119722
33,83.9243,0,0.36684,0,0,0,0,0,0,0.41348,0,0.0681172,0.000117248,0.000117248
34,86.4612,0,0.36727,0,0,0,0,0,0,0.34668,0,0.0671144,0.000114378,0.000114378
35,88.9738,0,0.30389,0,0,0,0,0,0,0.34668,0,0.0661111,0.000111112,0.000111112
36,91.5723,0,0.3057,0,0,0,0,0,0,0.34668,0,0.0651075,0.00010745,0.00010745
37,94.0629,0,0.30507,0,0,0,0,0,0,0.34668,0,0.0641034,0.000103392,0.000103392
38,96.745,0,0.30771,0,0,0,0,0,0,0.29228,0,0.0630989,9.8938e-05,9.8938e-05
39,99.3951,0,0.25652,0,0,0,0,0,0,0.29228,0,0.0620941,9.4088e-05,9.4088e-05
40,102.114,0,0.25714,0,0,0,0,0,0,0.29228,0,0.0610888,8.8842e-05,8.8842e-05
41,104.629,0,0.2561,0,0,0,0,0,0,0.29228,0,0.0600832,8.32e-05,8.32e-05
42,107.15,0,0.25725,0,0,0,0,0,0,0.24581,0,0.0590772,7.7162e-05,7.7162e-05
43,109.574,0,0.22018,0,0,0,0,0,0,0.24581,0,0.0580707,7.0728e-05,7.0728e-05
44,112.216,0,0.22026,0,0,0,0,0,0,0.24581,0,0.0570639,6.3898e-05,6.3898e-05
45,114.764,0,0.2195,0,0,0,0,0,0,0.24581,0,0.0560567,5.6672e-05,5.6672e-05
46,117.252,0,0.21969,0,0,0,0,0,0,0.20956,0,0.0550491,4.905e-05,4.905e-05
47,119.701,0,0.18983,0,0,0,0,0,0,0.20956,0,0.054041,4.1032e-05,4.1032e-05
48,122.14,0,0.1918,0,0,0,0,0,0,0.20956,0,0.0530326,3.2618e-05,3.2618e-05
49,124.594,0,0.18985,0,0,0,0,0,0,0.20956,0,0.0520238,2.3808e-05,2.3808e-05
50,127.247,0,0.19051,0,0,0,0,0,0,0.18617,0,0.0510146,1.4602e-05,1.4602e-05
1,3.01876,1.45587,5.83503,1.49322,0.00067,0.25,0.00043,4e-05,1.16604,5.80524,1.30755,0.1,0,0
2,5.62079,1.96602,6.06041,1.26166,0,0,0,0,1.11703,5.22094,1.19787,0.0990098,9.802e-06,9.802e-06
3,8.0309,1.45003,4.96186,1.02269,0.00067,0.25,0.00042,0.00025,1.04257,4.74961,1.07673,0.0980192,1.9208e-05,1.9208e-05
4,10.6326,1.12359,4.90914,1.05873,0,0,0,0,1.14702,4.65955,1.01092,0.0970282,2.8218e-05,2.8218e-05
5,13.2896,1.11109,3.95504,1.02366,0,0,0,0,1.13239,4.54285,0.99965,0.0960368,3.6832e-05,3.6832e-05
6,16.4346,1.00586,4.10133,1.01196,0,0,0,0,1.12438,4.49965,1.01737,0.0950451,4.505e-05,4.505e-05
7,20.4777,1.27716,3.85723,0.95022,0,0,0,0,1.18773,4.44106,1.0465,0.0940529,5.2872e-05,5.2872e-05
8,26.573,1.08748,3.63068,0.96349,0,0,0,0,1.22486,4.38979,1.05707,0.0930603,6.0298e-05,6.0298e-05
9,32.4108,1.65607,4.12561,1.09552,0,0,0,0,1.22486,4.38979,1.05707,0.0920673,6.7328e-05,6.7328e-05
10,38.603,1.05272,3.7176,0.99661,0,0,0,0,1.16024,4.37752,1.05069,0.091074,7.3962e-05,7.3962e-05
11,41.0559,1.27871,3.64968,0.95169,0,0,0,0,1.16024,4.37752,1.05069,0.0900802,8.02e-05,8.02e-05
12,43.7047,1.07388,3.5286,1.01732,0,0,0,0,1.18725,4.32584,1.05972,0.089086,8.6042e-05,8.6042e-05
13,46.2555,1.36728,3.46299,1.13206,0,0,0,0,1.18725,4.32584,1.05972,0.0880915,9.1488e-05,9.1488e-05
14,48.8417,0.96062,3.26861,0.95085,0,0,0,0,1.15098,4.24987,1.04109,0.0870965,9.6538e-05,9.6538e-05
15,51.4035,0.96043,3.03533,0.94434,0,0,0,0,1.15098,4.24987,1.04109,0.0861012,0.000101192,0.000101192
16,54.0014,0.90176,3.27142,0.97895,0,0,0,0,1.11519,4.224,1.01391,0.0851054,0.00010545,0.00010545
17,56.7208,1.39933,2.98764,1.17697,0,0,0,0,1.11519,4.224,1.01391,0.0841093,0.000109312,0.000109312
18,59.1659,1.0748,3.03064,0.94764,0.16667,0.25,0.11233,0.05617,1.1903,4.21849,1.02002,0.0831128,0.000112778,0.000112778
19,61.6908,0.98547,2.92001,0.87754,0.16667,0.25,0.11233,0.05617,1.1903,4.21849,1.02002,0.0821158,0.000115848,0.000115848
20,64.2643,0.8876,2.58343,0.88669,0.09091,0.25,0.0958,0.0479,1.27118,4.21154,1.03987,0.0811185,0.000118522,0.000118522
21,66.9848,0.83051,3.40096,0.91522,0.09091,0.25,0.0958,0.0479,1.27118,4.21154,1.03987,0.0801208,0.0001208,0.0001208
22,69.8401,1.06066,2.8956,0.94236,0.125,0.25,0.10875,0.05437,1.28541,4.16502,1.06064,0.0791227,0.000122682,0.000122682
23,72.7793,0.7789,2.39712,0.83912,0.125,0.25,0.10875,0.05437,1.28541,4.16502,1.06064,0.0781242,0.000124168,0.000124168
24,75.9438,0.96852,2.27471,0.95375,0.125,0.25,0.10875,0.05437,1.28541,4.16502,1.06064,0.0771253,0.000125258,0.000125258
25,78.8353,0.67362,2.58234,1.04986,0,0,0,0,1.25043,4.15022,1.04507,0.076126,0.000125952,0.000125952
26,81.4401,0.90671,2.1756,0.91223,0,0,0,0,1.25043,4.15022,1.04507,0.0751263,0.00012625,0.00012625
27,84.2013,0.88124,2.30158,1.04365,0,0,0,0,1.25043,4.15022,1.04507,0.0741262,0.000126152,0.000126152
28,87.3042,1.03889,2.57452,0.88481,0,0,0,0,1.19136,4.11245,1.01533,0.0731257,0.000125658,0.000125658
29,90.2395,0.89046,2.51376,0.93603,0,0,0,0,1.19136,4.11245,1.01533,0.0721248,0.000124768,0.000124768
30,93.1651,0.92395,2.40878,0.93005,0,0,0,0,1.19136,4.11245,1.01533,0.0711235,0.000123482,0.000123482
31,95.9832,0.69824,2.25588,0.91873,0,0,0,0,1.09208,4.10335,0.99246,0.0701218,0.0001218,0.0001218
32,98.4242,0.75479,1.80652,0.94559,0,0,0,0,1.09208,4.10335,0.99246,0.0691197,0.000119722,0.000119722
33,100.837,0.94571,2.12629,0.93943,0,0,0,0,1.09208,4.10335,0.99246,0.0681172,0.000117248,0.000117248
34,103.351,0.85092,2.32329,0.78183,0,0,0,0,1.04751,4.09262,0.96795,0.0671144,0.000114378,0.000114378
35,105.88,1.03153,2.1531,0.86263,0,0,0,0,1.04751,4.09262,0.96795,0.0661111,0.000111112,0.000111112
36,108.503,0.87633,2.40599,1.06331,0,0,0,0,1.04751,4.09262,0.96795,0.0651075,0.00010745,0.00010745
37,111.126,1.07844,2.85328,0.83795,0,0,0,0,1.04751,4.09262,0.96795,0.0641034,0.000103392,0.000103392
38,113.786,0.78818,3.39548,1.16211,0,0,0,0,1.05038,4.05761,0.94099,0.0630989,9.8938e-05,9.8938e-05
39,116.418,0.64975,1.90203,0.78704,0,0,0,0,1.05038,4.05761,0.94099,0.0620941,9.4088e-05,9.4088e-05
40,118.963,0.96544,1.60406,0.91319,0,0,0,0,1.05038,4.05761,0.94099,0.0610888,8.8842e-05,8.8842e-05
41,121.504,0.73513,1.85193,0.94424,0,0,0,0,1.05038,4.05761,0.94099,0.0600832,8.32e-05,8.32e-05
42,123.969,0.61896,1.79727,0.90331,0,0,0,0,1.03061,4.01264,0.91436,0.0590772,7.7162e-05,7.7162e-05
43,126.408,0.74526,1.77976,0.8922,0,0,0,0,1.03061,4.01264,0.91436,0.0580707,7.0728e-05,7.0728e-05
44,128.989,0.8301,1.68862,0.94337,0,0,0,0,1.03061,4.01264,0.91436,0.0570639,6.3898e-05,6.3898e-05
45,131.524,0.81933,1.87818,0.89258,0,0,0,0,1.03061,4.01264,0.91436,0.0560567,5.6672e-05,5.6672e-05
46,133.929,0.76935,2.18404,0.84663,1,0.25,0.625,0.625,0.93473,3.95237,0.88961,0.0550491,4.905e-05,4.905e-05
47,136.364,0.60054,1.56719,0.90434,1,0.25,0.625,0.625,0.93473,3.95237,0.88961,0.054041,4.1032e-05,4.1032e-05
48,138.728,0.79585,1.70911,0.89541,1,0.25,0.625,0.625,0.93473,3.95237,0.88961,0.0530326,3.2618e-05,3.2618e-05
49,141.176,0.83584,1.59824,0.95693,1,0.25,0.625,0.625,0.93473,3.95237,0.88961,0.0520238,2.3808e-05,2.3808e-05
50,143.607,0.79377,1.66756,0.82325,1,0.25,0.625,0.625,0.86569,3.90024,0.88181,0.0510146,1.4602e-05,1.4602e-05
1,1.35186,0,7.9178,0,0,0,0,0,0,4.95023,0,0.1,0,0
2,2.11228,0,6.23723,0,0,0,0,0,0,3.92886,0,0.0990098,9.802e-06,9.802e-06
3,3.03477,0,4.94043,0,0,0,0,0,0,3.14043,0,0.0980192,1.9208e-05,1.9208e-05
4,3.82525,0,3.93597,0,0,0,0,0,0,2.52579,0,0.0970282,2.8218e-05,2.8218e-05
5,4.52829,0,3.15696,0,0,0,0,0,0,2.04734,0,0.0960368,3.6832e-05,3.6832e-05
6,5.35604,0,2.56002,0,0,0,0,0,0,1.6746,0,0.0950451,4.505e-05,4.505e-05
7,6.1216,0,2.08587,0,0,0,0,0,0,1.38098,0,0.0940529,5.2872e-05,5.2872e-05
8,6.87254,0,1.71531,0,0,0,0,0,0,1.14784,0,0.0930603,6.0298e-05,6.0298e-05
9,7.57479,0,1.41939,0,0,0,0,0,0,1.14784,0,0.0920673,6.7328e-05,6.7328e-05
10,8.30348,0,1.42406,0,0,0,0,0,0,0.95754,0,0.091074,7.3962e-05,7.3962e-05
11,8.97537,0,1.17618,0,0,0,0,0,0,0.95754,0,0.0900802,8.02e-05,8.02e-05
12,9.67763,0,1.17867,0,0,0,0,0,0,0.80256,0,0.089086,8.6042e-05,8.6042e-05
13,10.3531,0,0.98234,0,0,0,0,0,0,0.80256,0,0.0880915,9.1488e-05,9.1488e-05
14,11.0748,0,0.97762,0,0,0,0,0,0,0.67639,0,0.0870965,9.6538e-05,9.6538e-05
15,11.7228,0,0.81966,0,0,0,0,0,0,0.67639,0,0.0861012,0.000101192,0.000101192
16,12.4722,0,0.82773,0,0,0,0,0,0,0.57332,0,0.0851054,0.00010545,0.00010545
17,13.1533,0,0.69655,0,0,0,0,0,0,0.57332,0,0.0841093,0.000109312,0.000109312
18,13.8868,0,0.69671,0,0,0,0,0,0,0.48912,0,0.0831128,0.000112778,0.000112778
19,14.5779,0,0.58857,0,0,0,0,0,0,0.48912,0,0.0821158,0.000115848,0.000115848
20,15.3133,0,0.58553,0,0,0,0,0,0,0.42026,0,0.0811185,0.000118522,0.000118522
21,16.0501,0,0.49836,0,0,0,0,0,0,0.42026,0,0.0801208,0.0001208,0.0001208
22,16.7964,0,0.4989,0,0,0,0,0,0,0.36323,0,0.0791227,0.000122682,0.000122682
23,17.512,0,0.42679,0,0,0,0,0,0,0.36323,0,0.0781242,0.000124168,0.000124168
24,18.1739,0,0.42903,0,0,0,0,0,0,0.36323,0,0.0771253,0.000125258,0.000125258
25,18.9956,0,0.42966,0,0,0,0,0,0,0.31649,0,0.076126,0.000125952,0.000125952
26,19.6768,0,0.3711,0,0,0,0,0,0,0.31649,0,0.0751263,0.00012625,0.00012625
27,20.3854,0,0.37205,0,0,0,0,0,0,0.31649,0,0.0741262,0.000126152,0.000126152
28,21.1059,0,0.37198,0,0,0,0,0,0,0.27743,0,0.0731257,0.000125658,0.000125658
29,21.8038,0,0.32368,0,0,0,0,0,0,0.27743,0,0.0721248,0.000124768,0.000124768
30,22.5137,0,0.32591,0,0,0,0,0,0,0.27743,0,0.0711235,0.000123482,0.000123482
31,23.2408,0,0.32621,0,0,0,0,0,0,0.2445,0,0.0701218,0.0001218,0.0001218
32,23.9181,0,0.28244,0,0,0,0,0,0,0.2445,0,0.0691197,0.000119722,0.000119722
33,24.6377,0,0.28476,0,0,0,0,0,0,0.2445,0,0.0681172,0.000117248,0.000117248
34,25.3838,0,0.28631,0,0,0,0,0,0,0.21754,0,0.0671144,0.000114378,0.000114378
35,26.0627,0,0.25173,0,0,0,0,0,0,0.21754,0,0.0661111,0.000111112,0.000111112
36,26.7527,0,0.24988,0,0,0,0,0,0,0.21754,0,0.0651075,0.00010745,0.00010745
37,27.4777,0,0.25255,0,0,0,0,0,0,0.21754,0,0.0641034,0.000103392,0.000103392
38,28.2313,0,0.25362,0,0,0,0,0,0,0.19484,0,0.0630989,9.8938e-05,9.8938e-05
39,28.9322,0,0.22631,0,0,0,0,0,0,0.19484,0,0.0620941,9.4088e-05,9.4088e-05
40,29.6003,0,0.22431,0,0,0,0,0,0,0.19484,0,0.0610888,8.8842e-05,8.8842e-05
41,30.3794,0,0.22297,0,0,0,0,0,0,0.19484,0,0.0600832,8.32e-05,8.32e-05
42,31.1019,0,0.22634,0,0,0,0,0,0,0.17577,0,0.0590772,7.7162e-05,7.7162e-05
43,31.7971,0,0.2015,0,0,0,0,0,0,0.17577,0,0.0580707,7.0728e-05,7.0728e-05
44,32.5023,0,0.20334,0,0,0,0,0,0,0.17577,0,0.0570639,6.3898e-05,6.3898e-05
45,33.1778,0,0.2041,0,0,0,0,0,0,0.17577,0,0.0560567,5.6672e-05,5.6672e-05
46,33.91,0,0.20139,0,0,0,0,0,0,0.15964,0,0.0550491,4.905e-05,4.905e-05
47,34.5881,0,0.18402,0,0,0,0,0,0,0.15964,0,0.054041,4.1032e-05,4.1032e-05
48,35.2989,0,0.18514,0,0,0,0,0,0,0.15964,0,0.0530326,3.2618e-05,3.2618e-05
49,35.9954,0,0.18409,0,0,0,0,0,0,0.15964,0,0.0520238,2.3808e-05,2.3808e-05
50,36.7375,0,0.18452,0,0,0,0,0,0,0.14721,0,0.0510146,1.4602e-05,1.4602e-05
1,0.868678,0,7.9178,0,0,0,0,0,0,4.95023,0,0.1,0,0
2,1.61724,0,6.23723,0,0,0,0,0,0,3.92886,0,0.0990098,9.802e-06,9.802e-06
3,2.36742,0,4.94043,0,0,0,0,0,0,3.14043,0,0.0980192,1.9208e-05,1.9208e-05
4,3.0924,0,3.93597,0,0,0,0,0,0,2.52579,0,0.0970282,2.8218e-05,2.8218e-05
5,3.81566,0,3.15696,0,0,0,0,0,0,2.04734,0,0.0960368,3.6832e-05,3.6832e-05
6,4.54846,0,2.56002,0,0,0,0,0,0,1.6746,0,0.0950451,4.505e-05,4.505e-05
7,5.35232,0,2.08587,0,0,0,0,0,0,1.38098,0,0.0940529,5.2872e-05,5.2872e-05
8,6.08769,0,1.71531,0,0,0,0,0,0,1.14784,0,0.0930603,6.0298e-05,6.0298e-05
9,6.7918,0,1.41939,0,0,0,0,0,0,1.14784,0,0.0920673,6.7328e-05,6.7328e-05
10,7.50234,0,1.42406,0,0,0,0,0,0,0.95754,0,0.091074,7.3962e-05,7.3962e-05
11,8.16785,0,1.17618,0,0,0,0,0,0,0.95754,0,0.0900802,8.02e-05,8.02e-05
12,8.88245,0,1.17867,0,0,0,0,0,0,0.80256,0,0.089086,8.6042e-05,8.6042e-05
13,9.57334,0,0.98234,0,0,0,0,0,0,0.80256,0,0.0880915,9.1488e-05,9.1488e-05
14,10.2912,0,0.97762,0,0,0,0,0,0,0.67639,0,0.0870965,9.6538e-05,9.6538e-05
15,10.9731,0,0.81966,0,0,0,0,0,0,0.67639,0,0.0861012,0.000101192,0.000101192
16,11.7062,0,0.82773,0,0,0,0,0,0,0.57332,0,0.0851054,0.00010545,0.00010545
17,12.3803,0,0.69655,0,0,0,0,0,0,0.57332,0,0.0841093,0.000109312,0.000109312
18,13.1196,0,0.69671,0,0,0,0,0,0,0.48912,0,0.0831128,0.000112778,0.000112778
19,13.8279,0,0.58857,0,0,0,0,0,0,0.48912,0,0.0821158,0.000115848,0.000115848
20,14.5542,0,0.58553,0,0,0,0,0,0,0.42026,0,0.0811185,0.000118522,0.000118522
21,15.2157,0,0.49836,0,0,0,0,0,0,0.42026,0,0.0801208,0.0001208,0.0001208
22,15.9453,0,0.4989,0,0,0,0,0,0,0.36323,0,0.0791227,0.000122682,0.000122682
23,16.6012,0,0.42679,0,0,0,0,0,0,0.36323,0,0.0781242,0.000124168,0.000124168
24,17.304,0,0.42903,0,0,0,0,0,0,0.36323,0,0.0771253,0.000125258,0.000125258
25,18.0196,0,0.42966,0,0,0,0,0,0,0.31649,0,0.076126,0.000125952,0.000125952
26,18.7339,0,0.3711,0,0,0,0,0,0,0.31649,0,0.0751263,0.00012625,0.00012625
27,19.4399,0,0.37205,0,0,0,0,0,0,0.31649,0,0.0741262,0.000126152,0.000126152
28,20.2993,0,0.37198,0,0,0,0,0,0,0.27743,0,0.0731257,0.000125658,0.000125658
29,20.9888,0,0.32368,0,0,0,0,0,0,0.27743,0,0.0721248,0.000124768,0.000124768
30,21.6622,0,0.32591,0,0,0,0,0,0,0.27743,0,0.0711235,0.000123482,0.000123482
31,22.3858,0,0.32621,0,0,0,0,0,0,0.2445,0,0.0701218,0.0001218,0.0001218
32,23.0664,0,0.28244,0,0,0,0,0,0,0.2445,0,0.0691197,0.000119722,0.000119722
33,23.7471,0,0.28476,0,0,0,0,0,0,0.2445,0,0.0681172,0.000117248,0.000117248
34,24.4977,0,0.28631,0,0,0,0,0,0,0.21754,0,0.0671144,0.000114378,0.000114378
35,25.2078,0,0.25173,0,0,0,0,0,0,0.21754,0,0.0661111,0.000111112,0.000111112
36,25.8913,0,0.24988,0,0,0,0,0,0,0.21754,0,0.0651075,0.00010745,0.00010745
37,26.5664,0,0.25255,0,0,0,0,0,0,0.21754,0,0.0641034,0.000103392,0.000103392
38,27.3511,0,0.25362,0,0,0,0,0,0,0.19484,0,0.0630989,9.8938e-05,9.8938e-05
39,28.1017,0,0.22631,0,0,0,0,0,0,0.19484,0,0.0620941,9.4088e-05,9.4088e-05
40,28.7852,0,0.22431,0,0,0,0,0,0,0.19484,0,0.0610888,8.8842e-05,8.8842e-05
41,29.4625,0,0.22297,0,0,0,0,0,0,0.19484,0,0.0600832,8.32e-05,8.32e-05
42,30.2003,0,0.22634,0,0,0,0,0,0,0.17577,0,0.0590772,7.7162e-05,7.7162e-05
43,30.9201,0,0.2015,0,0,0,0,0,0,0.17577,0,0.0580707,7.0728e-05,7.0728e-05
44,31.6631,0,0.20334,0,0,0,0,0,0,0.17577,0,0.0570639,6.3898e-05,6.3898e-05
45,32.4794,0,0.2041,0,0,0,0,0,0,0.17577,0,0.0560567,5.6672e-05,5.6672e-05
46,33.2182,0,0.20139,0,0,0,0,0,0,0.15964,0,0.0550491,4.905e-05,4.905e-05
47,33.9492,0,0.18402,0,0,0,0,0,0,0.15964,0,0.054041,4.1032e-05,4.1032e-05
48,34.7145,0,0.18514,0,0,0,0,0,0,0.15964,0,0.0530326,3.2618e-05,3.2618e-05
49,35.547,0,0.18409,0,0,0,0,0,0,0.15964,0,0.0520238,2.3808e-05,2.3808e-05
50,36.4355,0,0.18452,0,0,0,0,0,0,0.14721,0,0.0510146,1.4602e-05,1.4602e-05
1,3.10489,1.84647,3.74327,1.82497,0.00331,0.70833,0.17254,0.11916,2.00216,4.3078,1.56924,0.1,0,0
2,5.60201,2.28015,3.88474,1.90538,0.0033,0.70833,0.18492,0.13915,2.02033,4.19068,1.57304,0.0990098,9.802e-06,9.802e-06
3,8.06402,2.0367,3.85495,1.73366,0.00258,0.54167,0.09142,0.06221,2.07452,4.46079,1.55084,0.0980192,1.9208e-05,1.9208e-05
4,10.5783,1.56113,3.8607,1.45464,0.00255,0.54167,0.09519,0.03705,1.83466,4.23501,1.45115,0.0970282,2.8218e-05,2.8218e-05
5,12.9831,1.44285,3.52163,1.53587,0.00417,0.66667,0.17322,0.08712,1.84837,4.18898,1.45761,0.0960368,3.6832e-05,3.6832e-05
6,15.7825,1.21216,3.4735,1.24616,0.00302,0.66667,0.17251,0.0894,1.85131,4.02743,1.48426,0.0950451,4.505e-05,4.505e-05
7,18.3397,1.45465,3.52183,1.32502,0.00307,0.66667,0.17106,0.07689,1.95054,4.36232,1.55691,0.0940529,5.2872e-05,5.2872e-05
8,20.8133,1.42693,3.32015,1.29257,0.00332,0.66667,0.09484,0.045,2.17165,4.38131,1.71089,0.0930603,6.0298e-05,6.0298e-05
9,23.4666,1.92658,3.64821,1.57699,0.00332,0.66667,0.09484,0.045,2.17165,4.38131,1.71089,0.0920673,6.7328e-05,6.7328e-05
10,25.9405,1.04486,3.16932,1.1732,0.00333,0.66667,0.06571,0.03768,2.24057,4.52413,1.7803,0.091074,7.3962e-05,7.3962e-05
11,28.4059,1.37064,3.26378,1.29386,0.00333,0.66667,0.06571,0.03768,2.24057,4.52413,1.7803,0.0900802,8.02e-05,8.02e-05
12,30.9776,1.65594,3.24494,1.33868,0.00334,0.66667,0.04994,0.01842,2.48361,4.8371,2.09578,0.089086,8.6042e-05,8.6042e-05
13,33.4488,1.32931,3.38138,1.27882,0.00334,0.66667,0.04994,0.01842,2.48361,4.8371,2.09578,0.0880915,9.1488e-05,9.1488e-05
14,35.9596,1.24993,3.30083,1.38599,0.00216,0.41667,0.02779,0.00567,2.7595,4.90751,2.38671,0.0870965,9.6538e-05,9.6538e-05
15,38.4213,1.1386,2.67962,1.15325,0.00216,0.41667,0.02779,0.00567,2.7595,4.90751,2.38671,0.0861012,0.000101192,0.000101192
16,40.9557,1.3251,2.94573,1.31318,0.0025,0.54167,0.03037,0.00596,2.878,4.76161,2.72694,0.0851054,0.00010545,0.00010545
17,43.5523,1.41197,2.94612,1.14402,0.0025,0.54167,0.03037,0.00596,2.878,4.76161,2.72694,0.0841093,0.000109312,0.000109312
18,46.2759,1.70134,3.28416,1.22997,0.00198,0.41667,0.0154,0.00383,3.01601,4.78136,2.97608,0.0831128,0.000112778,0.000112778
19,48.8238,1.0868,2.77764,1.08203,0.00198,0.41667,0.0154,0.00383,3.01601,4.78136,2.97608,0.0821158,0.000115848,0.000115848
20,51.399,1.24806,2.67891,1.30959,0.00196,0.41667,0.0121,0.00246,2.98363,5.07717,3.12912,0.0811185,0.000118522,0.000118522
21,53.8547,1.17191,3.15401,1.19643,0.00196,0.41667,0.0121,0.00246,2.98363,5.07717,3.12912,0.0801208,0.0001208,0.0001208
22,56.4088,1.02082,2.58199,1.07993,0.00196,0.41667,0.00728,0.00174,3.25601,4.96384,3.31033,0.0791227,0.000122682,0.000122682
23,58.8057,1.02736,2.35505,1.07889,0.00196,0.41667,0.00728,0.00174,3.25601,4.96384,3.31033,0.0781242,0.000124168,0.000124168
24,61.3502,1.44438,2.92335,1.30653,0.00196,0.41667,0.00728,0.00174,3.25601,4.96384,3.31033,0.0771253,0.000125258,0.000125258
25,63.9291,1.28516,2.47018,1.14114,0.00195,0.41667,0.0053,0.00126,3.34098,5.0698,3.40684,0.076126,0.000125952,0.000125952
26,66.5022,1.34916,2.5793,1.28189,0.00195,0.41667,0.0053,0.00126,3.34098,5.0698,3.40684,0.0751263,0.00012625,0.00012625
27,69.1281,1.12681,2.23552,1.06348,0.00195,0.41667,0.0053,0.00126,3.34098,5.0698,3.40684,0.0741262,0.000126152,0.000126152
28,71.7833,1.15756,2.35913,1.16173,0.00139,0.29167,0.00609,0.00235,3.4175,5.06392,3.28434,0.0731257,0.000125658,0.000125658
29,74.6077,0.82938,2.38041,1.03501,0.00139,0.29167,0.00609,0.00235,3.4175,5.06392,3.28434,0.0721248,0.000124768,0.000124768
30,77.5898,1.61071,2.34442,1.27215,0.00139,0.29167,0.00609,0.00235,3.4175,5.06392,3.28434,0.0711235,0.000123482,0.000123482
31,80.4977,1.23135,2.68854,1.19155,0.00195,0.41667,0.01378,0.00405,3.22456,4.85708,3.06187,0.0701218,0.0001218,0.0001218
32,83.2521,1.23059,2.56586,1.12521,0.00195,0.41667,0.01378,0.00405,3.22456,4.85708,3.06187,0.0691197,0.000119722,0.000119722
33,85.7767,1.49215,2.74249,1.18117,0.00195,0.41667,0.01378,0.00405,3.22456,4.85708,3.06187,0.0681172,0.000117248,0.000117248
34,88.5596,1.26829,2.36869,1.1581,0.00194,0.41667,0.02072,0.00804,3.02282,4.57483,2.68838,0.0671144,0.000114378,0.000114378
35,91.4146,1.70638,2.89274,1.20571,0.00194,0.41667,0.02072,0.00804,3.02282,4.57483,2.68838,0.0661111,0.000111112,0.000111112
36,94.3428,1.4004,2.39696,1.29398,0.00194,0.41667,0.02072,0.00804,3.02282,4.57483,2.68838,0.0651075,0.00010745,0.00010745
37,97.1746,1.50527,3.35341,1.15279,0.00194,0.41667,0.02072,0.00804,3.02282,4.57483,2.68838,0.0641034,0.000103392,0.000103392
38,99.9031,0.86161,3.34427,1.16207,0.00254,0.54167,0.02395,0.00785,2.24353,4.27296,2.12776,0.0630989,9.8938e-05,9.8938e-05
39,102.535,1.27372,2.22232,1.2396,0.00254,0.54167,0.02395,0.00785,2.24353,4.27296,2.12776,0.0620941,9.4088e-05,9.4088e-05
40,105.093,1.64704,2.37587,1.31194,0.00254,0.54167,0.02395,0.00785,2.24353,4.27296,2.12776,0.0610888,8.8842e-05,8.8842e-05
41,107.545,0.94775,2.36317,0.91918,0.00254,0.54167,0.02395,0.00785,2.24353,4.27296,2.12776,0.0600832,8.32e-05,8.32e-05
42,109.978,0.98857,2.27016,1.05445,0.00259,0.54167,0.15106,0.05694,1.70132,3.88838,1.68014,0.0590772,7.7162e-05,7.7162e-05
43,112.403,1.23049,2.4506,1.08342,0.00259,0.54167,0.15106,0.05694,1.70132,3.88838,1.68014,0.0580707,7.0728e-05,7.0728e-05
44,114.957,0.83206,2.19284,0.96611,0.00259,0.54167,0.15106,0.05694,1.70132,3.88838,1.68014,0.0570639,6.3898e-05,6.3898e-05
45,117.389,1.13866,2.05602,1.07257,0.00259,0.54167,0.15106,0.05694,1.70132,3.88838,1.68014,0.0560567,5.6672e-05,5.6672e-05
46,119.727,1.08931,2.48372,1.09732,0.00393,0.83333,0.43312,0.30544,1.38429,3.6031,1.33737,0.0550491,4.905e-05,4.905e-05
47,122.169,0.84223,2.24788,0.96563,0.00393,0.83333,0.43312,0.30544,1.38429,3.6031,1.33737,0.054041,4.1032e-05,4.1032e-05
48,124.55,0.94085,1.99431,0.99933,0.00393,0.83333,0.43312,0.30544,1.38429,3.6031,1.33737,0.0530326,3.2618e-05,3.2618e-05
49,126.93,0.97487,2.03861,0.95278,0.00393,0.83333,0.43312,0.30544,1.38429,3.6031,1.33737,0.0520238,2.3808e-05,2.3808e-05
50,129.293,1.00191,2.09142,0.86388,0.0039,0.83333,0.42226,0.32018,1.16141,3.5276,1.25369,0.0510146,1.4602e-05,1.4602e-05
1,2.96769,1.8105,3.75495,1.85634,0.0033,0.63333,0.11825,0.06963,2.11257,4.15219,1.52742,0.1,0,0
2,5.59139,2.21695,3.84557,1.88436,0.00331,0.63333,0.06725,0.02879,2.22181,4.52371,1.73543,0.0990098,9.802e-06,9.802e-06
3,8.34143,2.0115,3.91892,1.66087,0.00303,0.56667,0.016,0.01166,2.81255,4.53711,2.53191,0.0980192,1.9208e-05,1.9208e-05
4,11.0582,2.2296,3.9047,2.01109,0.001,0.3,0.00135,0.00034,2.63384,4.45704,2.5208,0.0970282,2.8218e-05,2.8218e-05
5,13.7971,1.76514,3.66317,1.8045,0.001,0.3,0.00116,0.0004,2.58351,4.46296,2.43723,0.0960368,3.6832e-05,3.6832e-05
6,16.8237,1.89455,3.54905,1.76472,0.001,0.3,0.00189,0.00082,2.40437,4.27533,2.22265,0.0950451,4.505e-05,4.505e-05
7,19.6453,1.77494,3.44448,1.54308,0.001,0.3,0.00239,0.001,2.3668,4.30181,2.22926,0.0940529,5.2872e-05,5.2872e-05
8,22.4625,1.70216,3.32341,1.43779,0.001,0.3,0.00343,0.00158,2.23483,4.33477,2.16317,0.0930603,6.0298e-05,6.0298e-05
9,25.4464,2.15697,4.21024,1.92804,0.001,0.3,0.00343,0.00158,2.23483,4.33477,2.16317,0.0920673,6.7328e-05,6.7328e-05
10,28.2991,1.53448,3.24802,1.54279,0.00133,0.4,0.00629,0.00265,2.10523,4.23013,2.10268,0.091074,7.3962e-05,7.3962e-05
11,30.9895,1.67467,3.26294,1.37343,0.00133,0.4,0.00629,0.00265,2.10523,4.23013,2.10268,0.0900802,8.02e-05,8.02e-05
12,33.745,1.75836,3.48143,1.5515,0.00133,0.4,0.01035,0.00358,2.19713,4.23898,1.95281,0.089086,8.6042e-05,8.6042e-05
13,36.4451,1.79446,3.50104,1.66162,0.00133,0.4,0.01035,0.00358,2.19713,4.23898,1.95281,0.0880915,9.1488e-05,9.1488e-05
14,39.2605,1.53237,3.45755,1.78879,0.00133,0.4,0.01015,0.00389,2.35535,4.13014,1.8352,0.0870965,9.6538e-05,9.6538e-05
15,41.878,1.36186,3.01261,1.31207,0.00133,0.4,0.01015,0.00389,2.35535,4.13014,1.8352,0.0861012,0.000101192,0.000101192
16,44.4927,1.26686,3.05848,1.39139,0.00133,0.4,0.03851,0.01507,2.35233,4.09824,1.75625,0.0851054,0.00010545,0.00010545
17,47.1725,1.59322,3.06444,1.23874,0.00133,0.4,0.03851,0.01507,2.35233,4.09824,1.75625,0.0841093,0.000109312,0.000109312
18,49.9378,1.88416,3.46571,1.53135,0.00167,0.5,0.10667,0.05169,2.11162,4.03439,1.64216,0.0831128,0.000112778,0.000112778
19,52.6676,1.24589,2.84744,1.17967,0.00167,0.5,0.10667,0.05169,2.11162,4.03439,1.64216,0.0821158,0.000115848,0.000115848
20,55.1955,1.33771,2.76489,1.38818,0.00133,0.4,0.10554,0.06287,1.92338,4.06035,1.55938,0.0811185,0.000118522,0.000118522
21,57.6638,1.46601,3.48494,1.476,0.00133,0.4,0.10554,0.06287,1.92338,4.06035,1.55938,0.0801208,0.0001208,0.0001208
22,60.4464,1.38098,2.79532,1.19034,0.00133,0.4,0.11194,0.05639,1.87273,4.00969,1.56839,0.0791227,0.000122682,0.000122682
23,63.0508,1.17856,2.73749,1.24905,0.00133,0.4,0.11194,0.05639,1.87273,4.00969,1.56839,0.0781242,0.000124168,0.000124168
24,65.5579,1.42576,3.01878,1.46113,0.00133,0.4,0.11194,0.05639,1.87273,4.00969,1.56839,0.0771253,0.000125258,0.000125258
25,68.4368,1.31235,2.79154,1.30285,0.00133,0.4,0.04568,0.0248,1.82537,3.87488,1.55187,0.076126,0.000125952,0.000125952
26,71.1245,1.48875,3.00318,1.39012,0.00133,0.4,0.04568,0.0248,1.82537,3.87488,1.55187,0.0751263,0.00012625,0.00012625
27,73.891,1.17285,2.54533,1.22852,0.00133,0.4,0.04568,0.0248,1.82537,3.87488,1.55187,0.0741262,0.000126152,0.000126152
28,76.7117,1.19906,2.49199,1.22525,0.00134,0.4,0.04118,0.0248,1.69559,3.83181,1.48717,0.0731257,0.000125658,0.000125658
29,79.9571,1.1069,2.50979,1.26444,0.00134,0.4,0.04118,0.0248,1.69559,3.83181,1.48717,0.0721248,0.000124768,0.000124768
30,82.7658,1.33821,2.5258,1.25051,0.00134,0.4,0.04118,0.0248,1.69559,3.83181,1.48717,0.0711235,0.000123482,0.000123482
31,85.5412,1.53493,2.64664,1.39134,0.02994,0.73333,0.09408,0.05319,1.63961,3.76578,1.48324,0.0701218,0.0001218,0.0001218
32,88.1738,1.71407,2.81625,1.41871,0.02994,0.73333,0.09408,0.05319,1.63961,3.76578,1.48324,0.0691197,0.000119722,0.000119722
33,90.8364,1.46061,3.03713,1.23727,0.02994,0.73333,0.09408,0.05319,1.63961,3.76578,1.48324,0.0681172,0.000117248,0.000117248
34,93.5503,1.53052,2.69326,1.47441,0.00913,0.83333,0.1112,0.06411,1.69758,3.68603,1.52851,0.0671144,0.000114378,0.000114378
35,96.3186,1.62709,2.83504,1.22968,0.00913,0.83333,0.1112,0.06411,1.69758,3.68603,1.52851,0.0661111,0.000111112,0.000111112
36,99.1457,1.37504,2.68649,1.43376,0.00913,0.83333,0.1112,0.06411,1.69758,3.68603,1.52851,0.0651075,0.00010745,0.00010745
37,101.946,1.63241,3.09345,1.32658,0.00913,0.83333,0.1112,0.06411,1.69758,3.68603,1.52851,0.0641034,0.000103392,0.000103392
38,104.876,1.24312,3.26702,1.3888,0.00593,0.83333,0.39252,0.09677,1.67584,3.5892,1.46195,0.0630989,9.8938e-05,9.8938e-05
39,107.938,1.13995,2.53636,1.29887,0.00593,0.83333,0.39252,0.09677,1.67584,3.5892,1.46195,0.0620941,9.4088e-05,9.4088e-05
40,110.902,1.5466,2.50588,1.24517,0.00593,0.83333,0.39252,0.09677,1.67584,3.5892,1.46195,0.0610888,8.8842e-05,8.8842e-05
41,113.721,1.14505,2.56252,1.12354,0.00593,0.83333,0.39252,0.09677,1.67584,3.5892,1.46195,0.0600832,8.32e-05,8.32e-05
42,116.635,1.15098,2.62713,1.26555,0.00502,0.83333,0.39397,0.1408,1.61106,3.48681,1.44663,0.0590772,7.7162e-05,7.7162e-05
43,119.229,1.38218,2.61641,1.1575,0.00502,0.83333,0.39397,0.1408,1.61106,3.48681,1.44663,0.0580707,7.0728e-05,7.0728e-05
44,122.132,1.08338,2.3825,1.10566,0.00502,0.83333,0.39397,0.1408,1.61106,3.48681,1.44663,0.0570639,6.3898e-05,6.3898e-05
45,125.164,1.19947,2.3603,1.18102,0.00502,0.83333,0.39397,0.1408,1.61106,3.48681,1.44663,0.0560567,5.6672e-05,5.6672e-05
46,127.97,1.32643,2.46296,1.22999,0.00463,0.83333,0.38965,0.18922,1.46817,3.40997,1.38515,0.0550491,4.905e-05,4.905e-05
47,130.486,1.00537,2.46615,1.09505,0.00463,0.83333,0.38965,0.18922,1.46817,3.40997,1.38515,0.054041,4.1032e-05,4.1032e-05
48,133.144,1.1694,2.31314,1.17589,0.00463,0.83333,0.38965,0.18922,1.46817,3.40997,1.38515,0.0530326,3.2618e-05,3.2618e-05
49,135.693,1.00886,2.3132,1.11245,0.00463,0.83333,0.38965,0.18922,1.46817,3.40997,1.38515,0.0520238,2.3808e-05,2.3808e-05
50,138.428,1.10053,2.45697,1.15451,0.00454,0.83333,0.37231,0.19771,1.35821,3.35436,1.30568,0.0510146,1.4602e-05,1.4602e-05
1,2.63586,1.88823,3.99806,1.12228,0,0,0,0,2.08875,4.02702,1.05815,0.1,0,0
2,4.97348,2.08958,5.19466,1.14473,0,0,0,0,1.81476,3.93103,1.05698,0.0990098,9.802e-06,9.802e-06
3,7.43555,1.38501,3.81279,0.96549,0,0,0,0,1.72495,3.84448,1.02288,0.0980192,1.9208e-05,1.9208e-05
4,9.84538,1.78054,3.6524,1.17969,0.00467,0.38889,0.00354,0.0016,1.68283,3.79774,0.99206,0.0970282,2.8218e-05,2.8218e-05
5,12.1156,1.40646,3.33859,1.10122,0.00933,0.77778,0.00912,0.00501,1.70191,3.81254,0.98476,0.0960368,3.6832e-05,3.6832e-05
6,14.3552,2.16826,3.35553,1.27119,0.01067,0.88889,0.01336,0.00629,1.7079,3.78968,0.98636,0.0950451,4.505e-05,4.505e-05
7,16.6461,3.00964,3.12724,1.2917,0.01133,0.94444,0.09083,0.04913,1.69939,3.7903,0.98925,0.0940529,5.2872e-05,5.2872e-05
8,19.296,2.6941,3.08761,1.13774,0.012,1,0.13955,0.08175,1.63388,3.73648,0.97558,0.0930603,6.0298e-05,6.0298e-05
9,21.5485,1.30483,2.80942,0.92777,0.012,1,0.13955,0.08175,1.63388,3.73648,0.97558,0.0920673,6.7328e-05,6.7328e-05
10,23.8347,1.79384,2.64969,1.08535,0.012,1,0.24769,0.16355,1.6003,3.66781,0.96179,0.091074,7.3962e-05,7.3962e-05
11,26.066,1.61672,2.58659,0.92204,0.012,1,0.24769,0.16355,1.6003,3.66781,0.96179,0.0900802,8.02e-05,8.02e-05
12,28.2894,1.72664,2.35151,1.0072,0.012,1,0.39074,0.23257,1.61898,3.60603,0.95806,0.089086,8.6042e-05,8.6042e-05
13,30.4867,1.64637,2.1657,1.01472,0.012,1,0.39074,0.23257,1.61898,3.60603,0.95806,0.0880915,9.1488e-05,9.1488e-05
14,33.0722,1.39004,1.88277,0.97045,0.012,1,0.59093,0.29661,1.6525,3.54198,0.95882,0.0870965,9.6538e-05,9.6538e-05
15,35.8216,1.15837,1.76422,0.94959,0.012,1,0.59093,0.29661,1.6525,3.54198,0.95882,0.0861012,0.000101192,0.000101192
16,39.385,2.06317,2.95356,1.28449,0.012,1,0.78714,0.40645,1.65054,3.47245,0.94687,0.0851054,0.00010545,0.00010545
17,44.7317,1.93018,1.76117,1.17887,0.012,1,0.78714,0.40645,1.65054,3.47245,0.94687,0.0841093,0.000109312,0.000109312
18,48.5606,1.50767,1.54955,0.93068,0.012,1,0.89138,0.44868,1.64026,3.43253,0.93622,0.0831128,0.000112778,0.000112778
19,50.7466,1.64928,1.53394,1.13081,0.012,1,0.89138,0.44868,1.64026,3.43253,0.93622,0.0821158,0.000115848,0.000115848
20,53.015,1.61317,1.45059,1.10662,0.012,1,0.95271,0.48347,1.62553,3.4035,0.93579,0.0811185,0.000118522,0.000118522
21,55.3097,1.38209,1.48748,1.0696,0.012,1,0.95271,0.48347,1.62553,3.4035,0.93579,0.0801208,0.0001208,0.0001208
22,57.7385,1.59845,1.28386,0.98075,0.012,1,0.97525,0.5467,1.57707,3.38805,0.92898,0.0791227,0.000122682,0.000122682
23,60.0902,1.52299,1.12472,1.03148,0.012,1,0.97525,0.5467,1.57707,3.38805,0.92898,0.0781242,0.000124168,0.000124168
24,62.269,1.55809,1.1834,0.9824,0.012,1,0.97525,0.5467,1.57707,3.38805,0.92898,0.0771253,0.000125258,0.000125258
25,64.5592,1.42533,1.16771,0.9974,0.012,1,0.984,0.56067,1.50421,3.37474,0.91245,0.076126,0.000125952,0.000125952
26,66.8712,1.80859,1.17943,1.13265,0.012,1,0.984,0.56067,1.50421,3.37474,0.91245,0.0751263,0.00012625,0.00012625
27,69.1257,1.51281,1.52476,0.95843,0.012,1,0.984,0.56067,1.50421,3.37474,0.91245,0.0741262,0.000126152,0.000126152
28,71.2285,1.24197,1.08622,0.97376,0.012,1,0.98921,0.58111,1.46707,3.35539,0.90091,0.0731257,0.000125658,0.000125658
29,73.315,1.51171,1.05505,1.04568,0.012,1,0.98921,0.58111,1.46707,3.35539,0.90091,0.0721248,0.000124768,0.000124768
30,75.3966,1.43259,1.14211,0.96013,0.012,1,0.98921,0.58111,1.46707,3.35539,0.90091,0.0711235,0.000123482,0.000123482
31,77.3921,1.4587,1.1462,1.01536,0.0186,1,0.995,0.61399,1.43134,3.33236,0.8905,0.0701218,0.0001218,0.0001218
32,79.3936,1.35619,1.24125,0.89804,0.0186,1,0.995,0.61399,1.43134,3.33236,0.8905,0.0691197,0.000119722,0.000119722
33,81.419,1.40931,1.15205,0.91453,0.0186,1,0.995,0.61399,1.43134,3.33236,0.8905,0.0681172,0.000117248,0.000117248
34,83.438,1.18425,1.11567,0.93503,0.05607,1,0.995,0.59897,1.39938,3.30457,0.88509,0.0671144,0.000114378,0.000114378
35,85.3796,1.64271,2.307,1.10658,0.05607,1,0.995,0.59897,1.39938,3.30457,0.88509,0.0661111,0.000111112,0.000111112
36,87.3187,1.29728,1.2151,1.00902,0.05607,1,0.995,0.59897,1.39938,3.30457,0.88509,0.0651075,0.00010745,0.00010745
37,89.3037,0.99588,1.49262,0.86841,0.05607,1,0.995,0.59897,1.39938,3.30457,0.88509,0.0641034,0.000103392,0.000103392
38,91.3195,1.44716,2.08431,1.148,0.16216,1,0.995,0.61092,1.40665,3.23695,0.88694,0.0630989,9.8938e-05,9.8938e-05
39,93.2575,1.20196,0.86742,0.98114,0.16216,1,0.995,0.61092,1.40665,3.23695,0.88694,0.0620941,9.4088e-05,9.4088e-05
40,95.264,1.61946,1.40302,1.0475,0.16216,1,0.995,0.61092,1.40665,3.23695,0.88694,0.0610888,8.8842e-05,8.8842e-05
41,97.2225,1.34494,1.56296,0.90233,0.16216,1,0.995,0.61092,1.40665,3.23695,0.88694,0.0600832,8.32e-05,8.32e-05
42,99.3065,1.40949,1.02199,1.16029,0.33962,1,0.995,0.59982,1.415,3.17528,0.89067,0.0590772,7.7162e-05,7.7162e-05
43,101.265,1.66594,1.48848,0.95184,0.33962,1,0.995,0.59982,1.415,3.17528,0.89067,0.0580707,7.0728e-05,7.0728e-05
44,103.23,1.43776,1.38664,1.00154,0.33962,1,0.995,0.59982,1.415,3.17528,0.89067,0.0570639,6.3898e-05,6.3898e-05
45,105.192,1.33953,1.09252,0.86296,0.33962,1,0.995,0.59982,1.415,3.17528,0.89067,0.0560567,5.6672e-05,5.6672e-05
46,107.173,1.4218,1.2681,1.00062,0.46154,1,0.995,0.60865,1.40739,3.11044,0.89189,0.0550491,4.905e-05,4.905e-05
47,109.154,1.29705,1.08924,0.92127,0.46154,1,0.995,0.60865,1.40739,3.11044,0.89189,0.054041,4.1032e-05,4.1032e-05
48,111.095,1.34768,0.96113,1.05935,0.46154,1,0.995,0.60865,1.40739,3.11044,0.89189,0.0530326,3.2618e-05,3.2618e-05
49,113.032,1.4492,0.98977,0.95807,0.46154,1,0.995,0.60865,1.40739,3.11044,0.89189,0.0520238,2.3808e-05,2.3808e-05
50,115.011,1.33943,1.10833,0.95716,0.54545,1,0.995,0.61207,1.39641,3.03637,0.88961,0.0510146,1.4602e-05,1.4602e-05
1,6.43672,1.82727,4.01667,1.06903,0.00222,0.17021,0.00175,0.001,1.94772,4.0297,1.2416,0.09901,1e-05,1e-05
2,12.4238,1.43476,3.57261,0.93742,0.00139,0.10638,0.00077,0.00023,2.15748,4.40769,1.57589,0.0970294,2.9406e-05,2.9406e-05
3,17.9746,1.47555,3.1297,0.98652,0.00667,0.51064,0.00574,0.00166,2.77214,4.99002,1.73602,0.095048,4.802e-05,4.802e-05
4,23.2288,1.68501,3.28031,1.01229,0.01083,0.82979,0.02212,0.00734,2.36653,4.69593,1.40784,0.0930658,6.5842e-05,6.5842e-05
5,28.7918,1.53208,2.53695,0.99279,0.01222,0.93617,0.05988,0.02088,2.07462,4.19134,1.2727,0.0910829,8.2872e-05,8.2872e-05
6,33.9613,1.3751,2.39037,0.95741,0.01222,0.93617,0.1685,0.05974,1.80683,3.97399,1.17515,0.0890991,9.911e-05,9.911e-05
7,39.088,1.28591,2.27366,0.94205,0.01278,0.97872,0.25535,0.11666,1.58603,3.79694,1.0964,0.0871146,0.000114556,0.000114556
8,44.2713,1.4588,1.80764,0.97754,0.01278,0.97872,0.35898,0.19252,1.46769,3.69627,1.06766,0.0851292,0.00012921,0.00012921
9,49.6774,1.72102,1.7028,1.00229,0.01306,1,0.30907,0.17635,1.46962,3.62247,1.04339,0.0831431,0.000143072,0.000143072
10,55.2028,1.43976,1.45475,1.04491,0.01306,1,0.39493,0.21529,1.44242,3.56202,1.01979,0.0811561,0.000156142,0.000156142
11,61.0482,1.48473,1.37076,0.98207,0.01306,1,0.54903,0.30421,1.41927,3.4906,0.98691,0.0791684,0.00016842,0.00016842
12,66.9224,1.29027,1.77523,0.94881,0.01306,1,0.54903,0.30421,1.41927,3.4906,0.98691,0.0771799,0.000179906,0.000179906
13,72.562,1.49097,1.23665,0.97953,0.01306,1,0.73825,0.39294,1.35656,3.41171,0.94891,0.0751906,0.0001906,0.0001906
14,77.6428,1.4097,1.58144,0.9169,0.01306,1,0.8588,0.46428,1.35146,3.33556,0.93725,0.0732005,0.000200502,0.000200502
15,82.6534,1.19038,1.16081,0.93919,0.01306,1,0.8588,0.46428,1.35146,3.33556,0.93725,0.0712096,0.000209612,0.000209612
16,87.8657,1.3582,1.31153,0.97334,0.01306,1,0.91269,0.51688,1.32317,3.27492,0.91804,0.0692179,0.00021793,0.00021793
17,93.1553,1.49225,1.35232,1.01775,0.0142,1,0.90848,0.54128,1.32589,3.23654,0.90886,0.0672255,0.000225456,0.000225456
18,98.0787,1.40932,1.24202,1.01146,0.0142,1,0.90848,0.54128,1.32589,3.23654,0.90886,0.0652322,0.00023219,0.00023219
19,103.056,1.30003,1.16368,0.89906,0.01939,1,0.9227,0.56529,1.30693,3.16407,0.89146,0.0632381,0.000238132,0.000238132
20,108.09,1.27867,1.19111,0.91891,0.01939,1,0.9227,0.56529,1.30693,3.16407,0.89146,0.0612433,0.000243282,0.000243282
21,112.867,1.41159,1.14461,0.99253,0.03818,1,0.96945,0.60853,1.30934,3.06556,0.88721,0.0592476,0.00024764,0.00024764
22,117.897,1.34055,0.99362,0.99421,0.03818,1,0.96945,0.60853,1.30934,3.06556,0.88721,0.0572512,0.000251206,0.000251206
23,123.048,1.48793,1.04636,1.0221,0.08514,1,0.98659,0.64172,1.28376,2.94045,0.88462,0.055254,0.00025398,0.00025398
24,128.083,1.3842,1.14513,1.05811,0.08514,1,0.98659,0.64172,1.28376,2.94045,0.88462,0.053256,0.000255962,0.000255962
25,133.098,1.4334,1.00491,0.92317,0.15986,1,0.98541,0.64501,1.27941,2.8207,0.88844,0.0512572,0.000257152,0.000257152
26,138.057,1.48519,0.96223,0.90991,0.15986,1,0.98541,0.64501,1.27941,2.8207,0.88844,0.0492576,0.00025755,0.00025755
27,143.123,1.20895,1.17895,0.99928,0.15986,1,0.98541,0.64501,1.27941,2.8207,0.88844,0.0472572,0.000257156,0.000257156
28,148.274,1.25512,0.89564,0.90294,0.17279,1,0.98846,0.65172,1.24893,2.64913,0.87784,0.045256,0.00025597,0.00025597
29,153.029,1.27919,0.88709,0.95112,0.17279,1,0.98846,0.65172,1.24893,2.64913,0.87784,0.043254,0.000253992,0.000253992
30,157.592,1.42554,0.88828,0.93891,1,0.60086,0.98929,0.66531,1.24327,2.47071,0.87354,0.0412512,0.000251222,0.000251222
31,162.177,1.24943,1.05144,0.97614,1,0.60086,0.98929,0.66531,1.24327,2.47071,0.87354,0.0392477,0.00024766,0.00024766
32,166.733,1.31251,0.85955,0.90514,1,0.60086,0.98929,0.66531,1.24327,2.47071,0.87354,0.0372433,0.000243306,0.000243306
33,171.278,1.35257,0.98122,0.93157,1,0.23048,0.99092,0.64611,1.26574,2.30015,0.87579,0.0352382,0.00023816,0.00023816
34,175.732,1.35634,1.11679,0.96225,1,0.23048,0.99092,0.64611,1.26574,2.30015,0.87579,0.0332322,0.000232222,0.000232222
35,180.281,1.24101,0.83315,0.98436,1,0.23048,0.99092,0.64611,1.26574,2.30015,0.87579,0.0312255,0.000225492,0.000225492
36,184.956,1.26826,0.91161,0.92596,1,0.24028,0.99092,0.63699,1.27856,2.14589,0.87915,0.029218,0.00021797,0.00021797
37,189.631,1.35821,0.92953,0.97241,1,0.24028,0.99092,0.63699,1.27856,2.14589,0.87915,0.0272097,0.000209656,0.000209656
38,194.276,1.21215,1.02687,0.96339,1,0.24028,0.99092,0.63699,1.27856,2.14589,0.87915,0.0252006,0.00020055,0.00020055
39,198.97,1.22302,0.95322,0.95979,1,0.30622,0.99173,0.64607,1.28336,1.99846,0.87748,0.0231907,0.000190652,0.000190652
40,204.041,1.19877,0.90128,0.94245,1,0.30622,0.99173,0.64607,1.28336,1.99846,0.87748,0.02118,0.000179962,0.000179962
41,208.866,1.39171,1.28613,0.99103,1,0.30622,0.99173,0.64607,1.28336,1.99846,0.87748,0.0191685,0.00016848,0.00016848
42,213.746,1.32752,1.0934,0.89679,1,0.71537,0.99255,0.66056,1.27729,1.8271,0.8746,0.0171562,0.000156206,0.000156206
43,218.485,1.4848,0.97278,1.06437,1,0.71537,0.99255,0.66056,1.27729,1.8271,0.8746,0.0151431,0.00014314,0.00014314
44,223.63,1.22183,0.94082,0.96304,1,0.71537,0.99255,0.66056,1.27729,1.8271,0.8746,0.0131293,0.000129282,0.000129282
45,228.372,1.18021,0.96036,0.91829,1,0.71537,0.99255,0.66056,1.27729,1.8271,0.8746,0.0111146,0.000114632,0.000114632
46,233.238,1.19041,0.91622,0.95561,1,0.93261,0.995,0.66034,1.2724,1.65754,0.87569,0.00909919,9.919e-05,9.919e-05
47,237.862,1.2741,0.79989,0.92714,1,0.93261,0.995,0.66034,1.2724,1.65754,0.87569,0.00708296,8.2956e-05,8.2956e-05
48,242.472,1.33749,0.88941,0.99525,1,0.93261,0.995,0.66034,1.2724,1.65754,0.87569,0.00506593,6.593e-05,6.593e-05
49,247.128,1.23505,0.879,0.88911,1,0.93261,0.995,0.66034,1.2724,1.65754,0.87569,0.00304811,4.8112e-05,4.8112e-05
50,251.881,1.2044,0.82353,0.95674,1,0.99821,0.995,0.65315,1.26704,1.4732,0.87673,0.0010295,2.9502e-05,2.9502e-05
1,13.4283,1.76092,3.83763,1.08551,0.00222,0.17204,0.00212,0.0013,1.78247,3.92653,1.21313,0.09802,2e-05,2e-05
2,27.56,1.3715,3.21105,0.94604,0.00278,0.21505,0.00586,0.00401,1.86219,3.91201,1.27696,0.095049,4.901e-05,4.901e-05
3,39.8896,1.39109,2.55123,0.9171,0.00306,0.23656,0.07616,0.05658,1.70366,3.84801,1.16699,0.0920768,7.6832e-05,7.6832e-05
4,51.9062,1.53685,2.35252,0.94299,0.00611,0.47312,0.20677,0.14771,1.47865,3.60705,1.0122,0.0891035,0.000103466,0.000103466
5,63.7225,1.57984,1.78093,1.03489,0.00778,0.60215,0.40278,0.23665,1.43924,3.50245,0.97503,0.0861289,0.000128912,0.000128912
6,75.828,1.38501,1.56855,0.92969,0.01042,0.80645,0.74626,0.37114,1.35729,3.37094,0.91849,0.0831532,0.00015317,0.00015317
7,88.0299,1.29532,1.43839,0.93763,0.01236,0.95699,0.84073,0.40151,1.40644,3.34594,0.91631,0.0801762,0.00017624,0.00017624
8,98.5435,1.29061,1.18314,0.93085,0.0125,0.96774,0.82847,0.42185,1.41323,3.34084,0.91548,0.0771981,0.000198122,0.000198122
9,108.823,1.33238,1.15434,0.94495,0.01292,1,0.80985,0.41718,1.40343,3.33783,0.91477,0.0742188,0.000218816,0.000218816
10,119.044,1.32841,1.12947,0.9391,0.01264,0.97849,0.76639,0.41105,1.37663,3.35405,0.91348,0.0712383,0.000238322,0.000238322
11,129.097,1.37805,1.0821,0.94003,0.01292,1,0.73551,0.42349,1.36178,3.35808,0.91579,0.0682566,0.00025664,0.00025664
12,139.297,1.39017,1.0743,1.03631,0.013,1,0.7654,0.46048,1.31964,3.33652,0.91621,0.0652738,0.00027377,0.00027377
13,148.804,1.25376,1.05328,0.95657,0.01728,1,0.90065,0.56826,1.29306,3.24513,0.89764,0.0622897,0.000289712,0.000289712
14,158.91,1.36022,1.00336,0.9276,0.07346,1,0.94473,0.60477,1.27809,3.11288,0.89005,0.0593045,0.000304466,0.000304466
15,168.41,1.31206,0.9258,0.92209,0.07346,1,0.94473,0.60477,1.27809,3.11288,0.89005,0.056318,0.000318032,0.000318032
16,177.887,1.4353,1.01317,0.95542,0.17782,1,0.96232,0.61026,1.26934,2.96312,0.87612,0.0533304,0.00033041,0.00033041
17,187.979,1.20443,0.89911,0.92672,0.23134,1,0.98355,0.60036,1.27571,2.84245,0.87144,0.0503416,0.0003416,0.0003416
18,198.414,1.28123,1.00134,0.87962,0.23134,1,0.98355,0.60036,1.27571,2.84245,0.87144,0.0473516,0.000351602,0.000351602
19,208.781,1.24644,0.90045,0.94206,0.26801,1,0.97738,0.58907,1.34783,2.7685,0.87987,0.0443604,0.000360416,0.000360416
20,219.138,1.21886,0.85639,0.95749,0.33574,1,0.97857,0.60046,1.36494,2.678,0.88006,0.041368,0.000368042,0.000368042
21,229.12,1.12956,0.88485,0.8937,0.33574,1,0.97857,0.60046,1.36494,2.678,0.88006,0.0383745,0.00037448,0.00037448
22,239.058,1.36592,0.894,0.91893,0.35907,1,0.9839,0.61444,1.35816,2.50173,0.88078,0.0353797,0.00037973,0.00037973
23,248.723,1.23947,0.87292,0.90851,0.35907,1,0.9839,0.61444,1.35816,2.50173,0.88078,0.0323838,0.000383792,0.000383792
24,259.102,1.19043,0.80572,0.88853,1,0.55214,0.995,0.60758,1.39037,2.14834,0.89156,0.0293867,0.000386666,0.000386666
25,269.904,1.2058,0.80356,0.92307,1,0.55214,0.995,0.60758,1.39037,2.14834,0.89156,0.0263884,0.000388352,0.000388352
26,280.377,1.29994,0.79034,0.92135,1,0.7939,0.995,0.64457,1.32438,1.76435,0.88056,0.0233889,0.00038885,0.00038885
27,290.686,1.21259,0.87839,0.89546,1,0.7939,0.995,0.64457,1.32438,1.76435,0.88056,0.0203882,0.00038816,0.00038816
28,300.752,1.24887,0.78334,0.97951,1,0.92149,0.995,0.67095,1.25069,1.48127,0.86555,0.0173863,0.000386282,0.000386282
29,310.774,1.16113,0.76595,0.90684,1,0.92149,0.995,0.67095,1.25069,1.48127,0.86555,0.0143832,0.000383216,0.000383216
30,321.093,1.18718,0.80189,0.92374,1,0.92149,0.995,0.67095,1.25069,1.48127,0.86555,0.011379,0.000378962,0.000378962
31,331.615,1.20865,0.74698,0.90153,1,0.98298,0.995,0.66286,1.24993,1.31186,0.86622,0.00837352,0.00037352,0.00037352
32,343.074,1.10785,0.73931,0.89854,1,0.98298,0.995,0.66286,1.24993,1.31186,0.86622,0.00536689,0.00036689,0.00036689
33,352.651,1.08939,0.73267,0.90135,0.99779,1,0.995,0.65689,1.23583,1.23043,0.86552,0.00235907,0.000359072,0.000359072
34,362.799,1.30835,0.77293,0.92203,0.99779,1,0.995,0.65689,1.23583,1.23043,0.86552,0.0003466,0.0003466,0.0003466
35,372.442,1.12252,0.754,0.88723,0.99779,1,0.995,0.65689,1.23583,1.23043,0.86552,0.0003268,0.0003268,0.0003268
36,382.164,1.13801,0.73993,0.90132,0.99415,1,0.995,0.66916,1.18699,1.10782,0.86136,0.000307,0.000307,0.000307
37,391.768,1.14069,0.71588,0.89358,0.99415,1,0.995,0.66916,1.18699,1.10782,0.86136,0.0002872,0.0002872,0.0002872
38,401.972,1.10249,0.72809,0.93203,0.99415,1,0.995,0.66916,1.18699,1.10782,0.86136,0.0002674,0.0002674,0.0002674
39,412.754,1.21124,0.74407,0.947,0.99411,1,0.995,0.68431,1.1757,0.97362,0.86214,0.0002476,0.0002476,0.0002476
40,422.68,1.28684,0.77313,0.92801,0.99411,1,0.995,0.68431,1.1757,0.97362,0.86214,0.0002278,0.0002278,0.0002278
41,432.5,1.15277,0.80691,0.87761,0.99553,1,0.995,0.67431,1.17715,0.88917,0.86383,0.000208,0.000208,0.000208
42,441.848,1.14963,0.73817,0.94619,0.99553,1,0.995,0.67431,1.17715,0.88917,0.86383,0.0001882,0.0001882,0.0001882
43,451.159,1.14431,0.76678,0.92986,0.99553,1,0.995,0.67431,1.17715,0.88917,0.86383,0.0001684,0.0001684,0.0001684
44,460.435,1.24928,0.75196,0.93502,0.99715,1,0.995,0.67454,1.1761,0.82952,0.86259,0.0001486,0.0001486,0.0001486
45,470.456,1.16916,0.80103,0.97614,0.99715,1,0.995,0.67454,1.1761,0.82952,0.86259,0.0001288,0.0001288,0.0001288
46,480.148,1.09748,0.75444,0.9339,0.99715,1,0.995,0.67454,1.1761,0.82952,0.86259,0.000109,0.000109,0.000109
47,489.489,1.17098,0.73192,0.91288,0.99743,1,0.995,0.67555,1.16965,0.78823,0.86086,8.92e-05,8.92e-05,8.92e-05
48,498.923,1.2104,0.76285,0.98206,0.99743,1,0.995,0.67555,1.16965,0.78823,0.86086,6.94e-05,6.94e-05,6.94e-05
49,507.879,1.14764,0.72896,0.9241,0.99759,1,0.995,0.68061,1.16129,0.75527,0.85853,4.96e-05,4.96e-05,4.96e-05
50,517.228,1.14177,0.69649,0.91803,0.99759,1,0.995,0.68061,1.16129,0.75527,0.85853,2.98e-05,2.98e-05,2.98e-05
